{"cameraMode":{"drawMode":0,"name":"Shaded","section":"Shading Mode"},"sceneLighting":true,"audioPlay":false,"sceneViewState":{"m_AlwaysRefresh":false,"showFog":true,"showSkybox":true,"showFlares":true,"showImageEffects":true,"showParticleSystems":true,"showVisualEffectGraphs":true,"m_FxEnabled":true},"in2DMode":false,"pivot":{"x":0.09041274338960648,"y":1.1131349802017213,"z":-7.342350959777832},"rotation":{"x":0.024308348074555398,"y":-0.009318987838923931,"z":0.00023340068582911044,"w":0.999713659286499},"size":1.4660253524780274,"orthographic":false}